,Positiveg,GDPg_past_ma5
51,1,0.049274698900431055
52,1,0.043044142136310026
53,1,0.024395951607513823
54,1,0.060212501164535956
55,0,0.09651996985135206
56,1,0.051617903573876855
57,1,0.037222495158646354
58,1,0.049703382045930236
59,0,0.04768587664977257
60,0,0.022608921894298438
