,GDPg,GDPg_past_ma5
51,0.09540500144221942,0.049274698900431055
52,0.020116180718469323,0.043044142136310026
53,0.07225268493386428,0.024395951607513823
54,0.08281295593813831,0.060212501164535956
55,-0.012497305163307049,0.09651996985135206
56,0.023427959366066897,0.051617903573876855
57,0.08252061515488873,0.037222495158646354
58,0.06216515795307598,0.049703382045930236
59,-0.04257181783923236,0.04768587664977257
60,-0.008186893703600484,0.022608921894298438
